OpportunityId,AccountName,OpptyName,ProductID,ProductName,Quantity,NetPrice
p001,test ac,op name,pr001,Test prd,100,5000
p002,test ac,op name,pr002,Test prd,100,5000
p003,test ac,op name,pr003,Test prd,100,5000
p004,test ac,op name,pr004,Test prd,100,5000
p005,test ac,op name,pr005,Test prd,100,5000
p006,test ac,op name,pr006,Test prd,100,5000
p007,test ac,op name,pr007,Test prd,100,5000
p008,test ac,op name,pr008,Test prd,100,5000
p009,test ac,op name,pr009,Test prd,100,5000
p010,test ac,op name,pr010,Test prd,100,5000
p011,test ac,op name,pr011,Test prd,100,5000
p012,test ac,op name,pr012,Test prd,100,5000
p013,test ac,op name,pr013,Test prd,100,5000
p014,test ac,op name,pr014,Test prd,100,5000
p015,test ac,op name,pr015,Test prd,100,5000
p016,test ac,op name,pr016,Test prd,100,5000
p017,test ac,op name,pr017,Test prd,100,5000
p018,test ac,op name,pr018,Test prd,100,5000
p019,test ac,op name,pr019,Test prd,100,5000
